{
  "countries": [
    {
      "name": "Imperial Mainland",
      "flag_url": "",
      "stability": {
        "spending": 100000000000,
        "change": "45.00",
        "stability": "95.00"
      },
      "tax_setting": 7000,
      "population": {
        "population": 48300000,
        "increase": 100000
      },
      "military": {
        "land": 40,
        "naval": 21,
        "air": 0,
        "nuke": 8,
        "spending": 200000000000,
        "military_power": 1600024400000
      },
      "ruler": 0,
      "balance": 37382715361,
      "treasury": 407921597136,
      "expenses": 300049831887,
      "income": 337432547248,
      "size": 48
    },
    {
      "name": "Pravum Island",
      "flag_url": "",
      "stability": {
        "spending": 20000000000,
        "stability": 50,
        "change": 0
      },
      "tax_setting": 7000,
      "population": {
        "population": 20300000,
        "increase": 100000
      },
      "military": {
        "land": 48,
        "naval": 11,
        "air": 0,
        "nuke": 0,
        "spending": 1000000
      },
      "ruler": 0,
      "balance": 121390599853,
      "treasury": 381966132648,
      "expenses": 20025454606,
      "income": 141416054459,
      "size": 20
    },
    {
      "name": "Myrsluker Island",
      "flag_url": "",
      "stability": {
        "stability": "36.20",
        "change": "-7.00",
        "spending": 5000000000
      },
      "tax_setting": 7000,
      "population": {
        "population": 5018000,
        "increase": 6000
      },
      "military": {
        "land": 0,
        "naval": 0,
        "air": 0,
        "nuke": 0,
        "spending": 1000000,
        "military_power": 0
      },
      "ruler": 0,
      "balance": 30074970816,
      "treasury": 95011325983,
      "expenses": 5014661296,
      "income": 35089632112,
      "size": 5
    },
    {
      "name": "Auriya",
      "flag_url": "",
      "stability": {
        "stability": "36.20",
        "change": "-7.00",
        "spending": 8000000000
      },
      "tax_setting": 7000,
      "population": {
        "population": 8300000,
        "increase": 100000
      },
      "military": {
        "land": 43,
        "naval": 15,
        "air": 17,
        "nuke": 5,
        "spending": 1000000,
        "military_power": 5000150
      },
      "ruler": 0,
      "balance": 49401034565,
      "treasury": 153984815492,
      "expenses": 8012628908,
      "income": 57413663473,
      "size": 8
    }
  ]
}